"Step","resnet50_224_aug - loss","resnet50_224_aug - loss__MIN","resnet50_224_aug - loss__MAX","resnet18_224 - loss","resnet18_224 - loss__MIN","resnet18_224 - loss__MAX","resnet50_32_aug_3x3_relu - loss","resnet50_32_aug_3x3_relu - loss__MIN","resnet50_32_aug_3x3_relu - loss__MAX","resnet18_32_aug_3x3 - loss","resnet18_32_aug_3x3 - loss__MIN","resnet18_32_aug_3x3 - loss__MAX","resnet50_224 - loss","resnet50_224 - loss__MIN","resnet50_224 - loss__MAX","resnet50_32_aug_3x3 - loss","resnet50_32_aug_3x3 - loss__MIN","resnet50_32_aug_3x3 - loss__MAX"
"0","0.9939156593704224","0.9939156593704224","0.9939156593704224","0.9045235050010682","0.9045235050010682","0.9045235050010682","1.9079174036407471","1.9079174036407471","1.9079174036407471","2.0208219827270506","2.0208219827270506","2.0208219827270506","0.9112602121162414","0.9112602121162414","0.9112602121162414","1.9643233557128905","1.9643233557128905","1.9643233557128905"
"1","0.7171503104400635","0.7171503104400635","0.7171503104400635","0.6273927153968811","0.6273927153968811","0.6273927153968811","1.8170848009490967","1.8170848009490967","1.8170848009490967","1.9043496781158447","1.9043496781158447","1.9043496781158447","0.6223359864044189","0.6223359864044189","0.6223359864044189","1.8412881842803954","1.8412881842803954","1.8412881842803954"
"2","0.6607442728042603","0.6607442728042603","0.6607442728042603","0.5878057217597962","0.5878057217597962","0.5878057217597962","1.7911982578277588","1.7911982578277588","1.7911982578277588","1.880500362815857","1.880500362815857","1.880500362815857","0.5573422473812103","0.5573422473812103","0.5573422473812103","1.8197812149047852","1.8197812149047852","1.8197812149047852"
"3","0.6276255604362487","0.6276255604362487","0.6276255604362487","0.5661266897010804","0.5661266897010804","0.5661266897010804","1.7736127563858033","1.7736127563858033","1.7736127563858033","1.8781923028945924","1.8781923028945924","1.8781923028945924","0.5231419556808472","0.5231419556808472","0.5231419556808472","1.81864400390625","1.81864400390625","1.81864400390625"
"4","0.607541997795105","0.607541997795105","0.607541997795105","0.555918161945343","0.555918161945343","0.555918161945343","1.7660064154052735","1.7660064154052735","1.7660064154052735","1.8811990398406981","1.8811990398406981","1.8811990398406981","0.4982473045158386","0.4982473045158386","0.4982473045158386","1.8055278830718995","1.8055278830718995","1.8055278830718995"
"5","0.5965924589157104","0.5965924589157104","0.5965924589157104","0.549485722541809","0.549485722541809","0.549485722541809","1.7575264287948609","1.7575264287948609","1.7575264287948609","1.8694829483413695","1.8694829483413695","1.8694829483413695","0.4782779413986206","0.4782779413986206","0.4782779413986206","1.8078394409942626","1.8078394409942626","1.8078394409942626"
"6","0.5847579527282715","0.5847579527282715","0.5847579527282715","0.543204695224762","0.543204695224762","0.543204695224762","1.7506116985321045","1.7506116985321045","1.7506116985321045","1.8751314388656617","1.8751314388656617","1.8751314388656617","0.46713507615089417","0.46713507615089417","0.46713507615089417","1.8095182621002197","1.8095182621002197","1.8095182621002197"
"7","0.5784423550319672","0.5784423550319672","0.5784423550319672","0.5374976445388794","0.5374976445388794","0.5374976445388794","1.7424628955459596","1.7424628955459596","1.7424628955459596","1.8705423587799073","1.8705423587799073","1.8705423587799073","0.45563732345581054","0.45563732345581054","0.45563732345581054","1.8098096432495117","1.8098096432495117","1.8098096432495117"
"8","0.5700958736419678","0.5700958736419678","0.5700958736419678","0.5356702424526215","0.5356702424526215","0.5356702424526215","1.7358572350311279","1.7358572350311279","1.7358572350311279","1.871788503074646","1.871788503074646","1.871788503074646","0.44576923122406004","0.44576923122406004","0.44576923122406004","1.8032857006454468","1.8032857006454468","1.8032857006454468"
"9","0.5666749634933471","0.5666749634933471","0.5666749634933471","0.5302598977756501","0.5302598977756501","0.5302598977756501","1.738139203567505","1.738139203567505","1.738139203567505","1.8759173276138306","1.8759173276138306","1.8759173276138306","0.43550435762405393","0.43550435762405393","0.43550435762405393","1.811311424179077","1.811311424179077","1.811311424179077"
"10","0.5524210850143433","0.5524210850143433","0.5524210850143433","0.5285243048095704","0.5285243048095704","0.5285243048095704","1.729039362449646","1.729039362449646","1.729039362449646","1.868480128326416","1.868480128326416","1.868480128326416","0.42772450755119323","0.42772450755119323","0.42772450755119323","1.8078732083129883","1.8078732083129883","1.8078732083129883"
"11","0.5477253185272217","0.5477253185272217","0.5477253185272217","0.5223680727005005","0.5223680727005005","0.5223680727005005","1.7172574146270752","1.7172574146270752","1.7172574146270752","1.8725680368041993","1.8725680368041993","1.8725680368041993","0.420019626121521","0.420019626121521","0.420019626121521","1.8023403562164306","1.8023403562164306","1.8023403562164306"
"12","0.5509101326560975","0.5509101326560975","0.5509101326560975","0.5249449186515808","0.5249449186515808","0.5249449186515808","1.7141616906738282","1.7141616906738282","1.7141616906738282","1.874695400314331","1.874695400314331","1.874695400314331","0.417697292766571","0.417697292766571","0.417697292766571","1.8043097323989867","1.8043097323989867","1.8043097323989867"
"13","0.5479157469177246","0.5479157469177246","0.5479157469177246","0.5209980013275146","0.5209980013275146","0.5209980013275146","1.714660790977478","1.714660790977478","1.714660790977478","1.8732908935928345","1.8732908935928345","1.8732908935928345","0.4133747644329071","0.4133747644329071","0.4133747644329071","1.8110548224639893","1.8110548224639893","1.8110548224639893"
"14","0.5491619526290894","0.5491619526290894","0.5491619526290894","0.5199594120597839","0.5199594120597839","0.5199594120597839","1.714200668296814","1.714200668296814","1.714200668296814","1.8740332962799073","1.8740332962799073","1.8740332962799073","0.40905301688194273","0.40905301688194273","0.40905301688194273","1.8119282726287842","1.8119282726287842","1.8119282726287842"
"15","0.5424182157707215","0.5424182157707215","0.5424182157707215","0.5194261213493347","0.5194261213493347","0.5194261213493347","1.7083135982513429","1.7083135982513429","1.7083135982513429","1.871325218887329","1.871325218887329","1.871325218887329","0.40431827171325685","0.40431827171325685","0.40431827171325685","1.7989729723739625","1.7989729723739625","1.7989729723739625"
"16","0.5450055441474915","0.5450055441474915","0.5450055441474915","0.5161733167076111","0.5161733167076111","0.5161733167076111","1.709422527999878","1.709422527999878","1.709422527999878","1.868569863243103","1.868569863243103","1.868569863243103","0.4026013706588745","0.4026013706588745","0.4026013706588745","1.8000806323242187","1.8000806323242187","1.8000806323242187"
"17","0.5364616551017761","0.5364616551017761","0.5364616551017761","0.5177131723976135","0.5177131723976135","0.5177131723976135","1.706536721305847","1.706536721305847","1.706536721305847","1.8686290785980224","1.8686290785980224","1.8686290785980224","0.3970174935722351","0.3970174935722351","0.3970174935722351","1.8044597887420655","1.8044597887420655","1.8044597887420655"
"18","0.5430151172637939","0.5430151172637939","0.5430151172637939","0.5174322448348999","0.5174322448348999","0.5174322448348999","1.7059040811920165","1.7059040811920165","1.7059040811920165","1.8692781581878661","1.8692781581878661","1.8692781581878661","0.3952644160461426","0.3952644160461426","0.3952644160461426","1.8041973566436769","1.8041973566436769","1.8041973566436769"
"19","0.53549248960495","0.53549248960495","0.53549248960495","0.5148690714454651","0.5148690714454651","0.5148690714454651","1.6940864113998413","1.6940864113998413","1.6940864113998413","1.8684982693481444","1.8684982693481444","1.8684982693481444","0.3900668676567078","0.3900668676567078","0.3900668676567078","1.8054423678207396","1.8054423678207396","1.8054423678207396"
"20","0.2585273637866974","0.2585273637866974","0.2585273637866974","0.32275447018146514","0.32275447018146514","0.32275447018146514","1.0406771042442322","1.0406771042442322","1.0406771042442322","1.1614823374557495","1.1614823374557495","1.1614823374557495","0.23485475362300873","0.23485475362300873","0.23485475362300873","1.0243497065353393","1.0243497065353393","1.0243497065353393"
"21","0.10298988513946533","0.10298988513946533","0.10298988513946533","0.0931747532749176","0.0931747532749176","0.0931747532749176","0.4932655463027954","0.4932655463027954","0.4932655463027954","0.6556114793014526","0.6556114793014526","0.6556114793014526","0.05652115535795688","0.05652115535795688","0.05652115535795688","0.4615016845607758","0.4615016845607758","0.4615016845607758"
"22","0.06289842074394227","0.06289842074394227","0.06289842074394227","0.03204702163934708","0.03204702163934708","0.03204702163934708","0.33791787836074827","0.33791787836074827","0.33791787836074827","0.5023939763832093","0.5023939763832093","0.5023939763832093","0.0176659613224864","0.0176659613224864","0.0176659613224864","0.3121861337184906","0.3121861337184906","0.3121861337184906"
"23","0.04162205886602402","0.04162205886602402","0.04162205886602402","0.00989059107363224","0.00989059107363224","0.00989059107363224","0.25618619815826416","0.25618619815826416","0.25618619815826416","0.4214847889328003","0.4214847889328003","0.4214847889328003","0.006430259547382593","0.006430259547382593","0.006430259547382593","0.23852106251716615","0.23852106251716615","0.23852106251716615"
"24","0.02873900707900524","0.02873900707900524","0.02873900707900524","0.004013699115440249","0.004013699115440249","0.004013699115440249","0.20576016880989076","0.20576016880989076","0.20576016880989076","0.3600658940219879","0.3600658940219879","0.3600658940219879","0.0030008781215175987","0.0030008781215175987","0.0030008781215175987","0.18827071200847625","0.18827071200847625","0.18827071200847625"
"25","0.02100116447940469","0.02100116447940469","0.02100116447940469","0.001549496858306229","0.001549496858306229","0.001549496858306229","0.17075028799533845","0.17075028799533845","0.17075028799533845","0.32505719532489774","0.32505719532489774","0.32505719532489774","0.0025261180814169348","0.0025261180814169348","0.0025261180814169348","0.15974199197769165","0.15974199197769165","0.15974199197769165"
"26","0.016685586956441404","0.016685586956441404","0.016685586956441404","0.0008220169655233622","0.0008220169655233622","0.0008220169655233622","0.14579125170946122","0.14579125170946122","0.14579125170946122","0.2877169055843353","0.2877169055843353","0.2877169055843353","0.0018458666020911188","0.0018458666020911188","0.0018458666020911188","0.1306072900056839","0.1306072900056839","0.1306072900056839"
"27","0.013248630375117063","0.013248630375117063","0.013248630375117063","0.0006417096196860076","0.0006417096196860076","0.0006417096196860076","0.12431121944427491","0.12431121944427491","0.12431121944427491","0.26596305383205415","0.26596305383205415","0.26596305383205415","0.0012988804228790105","0.0012988804228790105","0.0012988804228790105","0.11167191210746766","0.11167191210746766","0.11167191210746766"
"28","0.012473007955402135","0.012473007955402135","0.012473007955402135","0.0004736174222454429","0.0004736174222454429","0.0004736174222454429","0.10676927983283997","0.10676927983283997","0.10676927983283997","0.23785036134719847","0.23785036134719847","0.23785036134719847","0.0007653846368845552","0.0007653846368845552","0.0007653846368845552","0.09693973490238189","0.09693973490238189","0.09693973490238189"
"29","0.01144423712529242","0.01144423712529242","0.01144423712529242","0.00039416555808857083","0.00039416555808857083","0.00039416555808857083","0.09348956794500352","0.09348956794500352","0.09348956794500352","0.21697660636901855","0.21697660636901855","0.21697660636901855","0.00044346432471182196","0.00044346432471182196","0.00044346432471182196","0.08139651510715484","0.08139651510715484","0.08139651510715484"
"30","0.01000167061202228","0.01000167061202228","0.01000167061202228","0.00035871792157180605","0.00035871792157180605","0.00035871792157180605","0.08567251470088959","0.08567251470088959","0.08567251470088959","0.20269697484970092","0.20269697484970092","0.20269697484970092","0.0005845135296089574","0.0005845135296089574","0.0005845135296089574","0.0735106890130043","0.0735106890130043","0.0735106890130043"
"31","0.00774614555913955","0.00774614555913955","0.00774614555913955","0.00033551717290654777","0.00033551717290654777","0.00033551717290654777","0.07469386777877808","0.07469386777877808","0.07469386777877808","0.18886697315216064","0.18886697315216064","0.18886697315216064","0.00037177610916784033","0.00037177610916784033","0.00037177610916784033","0.0641457899427414","0.0641457899427414","0.0641457899427414"
"32","0.0077154024665802715","0.0077154024665802715","0.0077154024665802715","0.00028578010004013776","0.00028578010004013776","0.00028578010004013776","0.06635387608289718","0.06635387608289718","0.06635387608289718","0.1779400078678131","0.1779400078678131","0.1779400078678131","0.0003353394415788353","0.0003353394415788353","0.0003353394415788353","0.06104043918073177","0.06104043918073177","0.06104043918073177"
"33","0.005191241868268698","0.005191241868268698","0.005191241868268698","0.00027542085758410395","0.00027542085758410395","0.00027542085758410395","0.06107464152336121","0.06107464152336121","0.06107464152336121","0.1666265778207779","0.1666265778207779","0.1666265778207779","0.00018850815423764289","0.00018850815423764289","0.00018850815423764289","0.05288506209015846","0.05288506209015846","0.05288506209015846"
"34","0.0071031332099623975","0.0071031332099623975","0.0071031332099623975","0.00026240747696720064","0.00026240747696720064","0.00026240747696720064","0.05576560168862343","0.05576560168862343","0.05576560168862343","0.1510547378873825","0.1510547378873825","0.1510547378873825","0.0001568229598342441","0.0001568229598342441","0.0001568229598342441","0.04541490841984749","0.04541490841984749","0.04541490841984749"
"35","0.005569043083842843","0.005569043083842843","0.005569043083842843","0.0002401917348522693","0.0002401917348522693","0.0002401917348522693","0.05113929674386978","0.05113929674386978","0.05113929674386978","0.1456894816827774","0.1456894816827774","0.1456894816827774","0.00012973215516656636","0.00012973215516656636","0.00012973215516656636","0.04159296907901764","0.04159296907901764","0.04159296907901764"
"36","0.004625538039160893","0.004625538039160893","0.004625538039160893","0.00023603260092437266","0.00023603260092437266","0.00023603260092437266","0.04631863069534302","0.04631863069534302","0.04631863069534302","0.13597292610168457","0.13597292610168457","0.13597292610168457","0.00012513916316907853","0.00012513916316907853","0.00012513916316907853","0.04155320474982262","0.04155320474982262","0.04155320474982262"
"37","0.0038464904942084105","0.0038464904942084105","0.0038464904942084105","0.00022975795326754452","0.00022975795326754452","0.00022975795326754452","0.04753511603236198","0.04753511603236198","0.04753511603236198","0.1281528729724884","0.1281528729724884","0.1281528729724884","0.00014628709330223501","0.00014628709330223501","0.00014628709330223501","0.03434408313035965","0.03434408313035965","0.03434408313035965"
"38","0.005110498123727739","0.005110498123727739","0.005110498123727739","0.00021308939887443556","0.00021308939887443556","0.00021308939887443556","0.04023951249465346","0.04023951249465346","0.04023951249465346","0.12107373050451278","0.12107373050451278","0.12107373050451278","0.00013387969441711902","0.00013387969441711902","0.00013387969441711902","0.03456805738389492","0.03456805738389492","0.03456805738389492"
"39","0.003529876130260527","0.003529876130260527","0.003529876130260527","0.00021905802675988524","0.00021905802675988524","0.00021905802675988524","0.037895649619698525","0.037895649619698525","0.037895649619698525","0.11532897051334381","0.11532897051334381","0.11532897051334381","0.0001453212927072309","0.0001453212927072309","0.0001453212927072309","0.02859145198225975","0.02859145198225975","0.02859145198225975"
"40","0.004415057541504503","0.004415057541504503","0.004415057541504503","0.00021019793529994786","0.00021019793529994786","0.00021019793529994786","0.03184747417747975","0.03184747417747975","0.03184747417747975","0.11157570429325103","0.11157570429325103","0.11157570429325103","0.00019863713118247687","0.00019863713118247687","0.00019863713118247687","0.031303925484120844","0.031303925484120844","0.031303925484120844"
"41","0.003109931996567175","0.003109931996567175","0.003109931996567175","0.0001963358648866415","0.0001963358648866415","0.0001963358648866415","0.03399447537600994","0.03399447537600994","0.03399447537600994","0.10772798501014709","0.10772798501014709","0.10772798501014709","0.00014497886274708434","0.00014497886274708434","0.00014497886274708434","0.030007746160030366","0.030007746160030366","0.030007746160030366"
"42","0.004521094162464142","0.004521094162464142","0.004521094162464142","0.0001784183661453426","0.0001784183661453426","0.0001784183661453426","0.03082899641007185","0.03082899641007185","0.03082899641007185","0.10156738607883453","0.10156738607883453","0.10156738607883453","0.00010147295571048744","0.00010147295571048744","0.00010147295571048744","0.02677577416986227","0.02677577416986227","0.02677577416986227"
"43","0.002971479575461708","0.002971479575461708","0.002971479575461708","0.00018752858980558812","0.00018752858980558812","0.00018752858980558812","0.030635441281795503","0.030635441281795503","0.030635441281795503","0.09433215724706649","0.09433215724706649","0.09433215724706649","0.00010145469431299716","0.00010145469431299716","0.00010145469431299716","0.02617443624727428","0.02617443624727428","0.02617443624727428"
"44","0.0024705444388929756","0.0024705444388929756","0.0024705444388929756","0.00017865040807519108","0.00017865040807519108","0.00017865040807519108","0.028914362956658005","0.028914362956658005","0.028914362956658005","0.09501922791361808","0.09501922791361808","0.09501922791361808","0.00009914499708800576","0.00009914499708800576","0.00009914499708800576","0.024572907143235206","0.024572907143235206","0.024572907143235206"
"45","0.002695164199890569","0.002695164199890569","0.002695164199890569","0.00017105178222991525","0.00017105178222991525","0.00017105178222991525","0.027233780429810287","0.027233780429810287","0.027233780429810287","0.08480774435520172","0.08480774435520172","0.08480774435520172","0.00007862795478198677","0.00007862795478198677","0.00007862795478198677","0.021027732374817133","0.021027732374817133","0.021027732374817133"
"46","0.002622437163060531","0.002622437163060531","0.002622437163060531","0.00016897336660884321","0.00016897336660884321","0.00016897336660884321","0.026500707900822162","0.026500707900822162","0.026500707900822162","0.07892981887340546","0.07892981887340546","0.07892981887340546","0.00009183661633112934","0.00009183661633112934","0.00009183661633112934","0.019132668973244726","0.019132668973244726","0.019132668973244726"
"47","0.0022630549698509275","0.0022630549698509275","0.0022630549698509275","0.00016310865627601741","0.00016310865627601741","0.00016310865627601741","0.024532097424268724","0.024532097424268724","0.024532097424268724","0.08252294807434082","0.08252294807434082","0.08252294807434082","0.00009070798154454678","0.00009070798154454678","0.00009070798154454678","0.018405761309862136","0.018405761309862136","0.018405761309862136"
"48","0.0033236525321938097","0.0033236525321938097","0.0033236525321938097","0.00015813107936643063","0.00015813107936643063","0.00015813107936643063","0.022770377123504878","0.022770377123504878","0.022770377123504878","0.0741054739356041","0.0741054739356041","0.0741054739356041","0.0000914327326323837","0.0000914327326323837","0.0000914327326323837","0.017429647728949785","0.017429647728949785","0.017429647728949785"
"49","0.003483431955361739","0.003483431955361739","0.003483431955361739","0.00015963270977139473","0.00015963270977139473","0.00015963270977139473","0.024727829711139203","0.024727829711139203","0.024727829711139203","0.07225075316905975","0.07225075316905975","0.07225075316905975","0.00009729578118771315","0.00009729578118771315","0.00009729578118771315","0.01683016205497086","0.01683016205497086","0.01683016205497086"
"50","0.0036840032861195503","0.0036840032861195503","0.0036840032861195503","0.00016532621200894936","0.00016532621200894936","0.00016532621200894936","0.02402733596339822","0.02402733596339822","0.02402733596339822","0.07307155646443367","0.07307155646443367","0.07307155646443367","0.00008298165437765419","0.00008298165437765419","0.00008298165437765419","0.017006394605785607","0.017006394605785607","0.017006394605785607"
"51","0.0020980570404604076","0.0020980570404604076","0.0020980570404604076","0.00016843443059362471","0.00016843443059362471","0.00016843443059362471","0.020658224966973067","0.020658224966973067","0.020658224966973067","0.06755398076295853","0.06755398076295853","0.06755398076295853","0.00007665624126559124","0.00007665624126559124","0.00007665624126559124","0.016714194608926772","0.016714194608926772","0.016714194608926772"
"52","0.0028935120437480507","0.0028935120437480507","0.0028935120437480507","0.00015136456738691777","0.00015136456738691777","0.00015136456738691777","0.021570407030731438","0.021570407030731438","0.021570407030731438","0.06451820108652115","0.06451820108652115","0.06451820108652115","0.00007208152604289353","0.00007208152604289353","0.00007208152604289353","0.015950097031146287","0.015950097031146287","0.015950097031146287"
"53","0.0031553154701832683","0.0031553154701832683","0.0031553154701832683","0.00014898563040187583","0.00014898563040187583","0.00014898563040187583","0.01747581558868289","0.01747581558868289","0.01747581558868289","0.06756876656055451","0.06756876656055451","0.06756876656055451","0.00007964713073335588","0.00007964713073335588","0.00007964713073335588","0.014872072871327401","0.014872072871327401","0.014872072871327401"
"54","0.0022115136292157694","0.0022115136292157694","0.0022115136292157694","0.00015390125867677853","0.00015390125867677853","0.00015390125867677853","0.017166219697147607","0.017166219697147607","0.017166219697147607","0.0625158454155922","0.0625158454155922","0.0625158454155922","0.00006411884538130834","0.00006411884538130834","0.00006411884538130834","0.01519891979843378","0.01519891979843378","0.01519891979843378"
"55","0.002460023382427171","0.002460023382427171","0.002460023382427171","0.00015415577174164355","0.00015415577174164355","0.00015415577174164355","0.01772599538937211","0.01772599538937211","0.01772599538937211","0.06050007426381111","0.06050007426381111","0.06050007426381111","0.00006355754448566585","0.00006355754448566585","0.00006355754448566585","0.013325952255725861","0.013325952255725861","0.013325952255725861"
"56","0.0031599408189905806","0.0031599408189905806","0.0031599408189905806","0.00015217688228935002","0.00015217688228935002","0.00015217688228935002","0.017657344862371683","0.017657344862371683","0.017657344862371683","0.057467684057950975","0.057467684057950975","0.057467684057950975","0.00007110009662923403","0.00007110009662923403","0.00007110009662923403","0.014107435627877711","0.014107435627877711","0.014107435627877711"
"57","0.0022057410045992583","0.0022057410045992583","0.0022057410045992583","0.0001544311740063131","0.0001544311740063131","0.0001544311740063131","0.01805961441412568","0.01805961441412568","0.01805961441412568","0.05749855436712503","0.05749855436712503","0.05749855436712503","0.00007271235467109363","0.00007271235467109363","0.00007271235467109363","0.013608899655267596","0.013608899655267596","0.013608899655267596"
"58","0.0013438375179097056","0.0013438375179097056","0.0013438375179097056","0.00015720084842294456","0.00015720084842294456","0.00015720084842294456","0.013454893041923642","0.013454893041923642","0.013454893041923642","0.05591342419981957","0.05591342419981957","0.05591342419981957","0.00008193077996722423","0.00008193077996722423","0.00008193077996722423","0.01576805818852037","0.01576805818852037","0.01576805818852037"
"59","0.0016371007446246222","0.0016371007446246222","0.0016371007446246222","0.00014668115774169564","0.00014668115774169564","0.00014668115774169564","0.01428012416191399","0.01428012416191399","0.01428012416191399","0.056062519491910934","0.056062519491910934","0.056062519491910934","0.00006689779283013194","0.00006689779283013194","0.00006689779283013194","0.013154188720062375","0.013154188720062375","0.013154188720062375"
"60","0.001767729242038913","0.001767729242038913","0.001767729242038913","0.00015102380761876702","0.00015102380761876702","0.00015102380761876702","0.01572591651290655","0.01572591651290655","0.01572591651290655","0.05377238807156682","0.05377238807156682","0.05377238807156682","0.00006366331489523873","0.00006366331489523873","0.00006366331489523873","0.013187001584768295","0.013187001584768295","0.013187001584768295"
"61","0.001962874904843047","0.001962874904843047","0.001962874904843047","0.00014123946036212145","0.00014123946036212145","0.00014123946036212145","0.01592204916195944","0.01592204916195944","0.01592204916195944","0.05472535109043122","0.05472535109043122","0.05472535109043122","0.000059435673804255205","0.000059435673804255205","0.000059435673804255205","0.012106488972231745","0.012106488972231745","0.012106488972231745"
"62","0.0029004496398894117","0.0029004496398894117","0.0029004496398894117","0.00015645787166431547","0.00015645787166431547","0.00015645787166431547","0.015651887408941984","0.015651887408941984","0.015651887408941984","0.04701643441200257","0.04701643441200257","0.04701643441200257","0.00006913495784159749","0.00006913495784159749","0.00006913495784159749","0.012196202860102057","0.012196202860102057","0.012196202860102057"
"63","0.002455464060478844","0.002455464060478844","0.002455464060478844","0.00014331297407858075","0.00014331297407858075","0.00014331297407858075","0.014519219522178174","0.014519219522178174","0.014519219522178174","0.04997129278063774","0.04997129278063774","0.04997129278063774","0.00008719205970293842","0.00008719205970293842","0.00008719205970293842","0.013417494496405124","0.013417494496405124","0.013417494496405124"
"64","0.0015891979269124568","0.0015891979269124568","0.0015891979269124568","0.00014353500708471983","0.00014353500708471983","0.00014353500708471983","0.015016144768372179","0.015016144768372179","0.015016144768372179","0.04638317703962326","0.04638317703962326","0.04638317703962326","0.00008138375437352806","0.00008138375437352806","0.00008138375437352806","0.011913696866892278","0.011913696866892278","0.011913696866892278"
"65","0.0015043770541483537","0.0015043770541483537","0.0015043770541483537","0.0001475112866901327","0.0001475112866901327","0.0001475112866901327","0.01508769076421857","0.01508769076421857","0.01508769076421857","0.04775101773142815","0.04775101773142815","0.04775101773142815","0.00006942979666870087","0.00006942979666870087","0.00006942979666870087","0.01001849536664784","0.01001849536664784","0.01001849536664784"
"66","0.0020400646533910187","0.0020400646533910187","0.0020400646533910187","0.00014203649419359862","0.00014203649419359862","0.00014203649419359862","0.014307659843303263","0.014307659843303263","0.014307659843303263","0.04258279155403376","0.04258279155403376","0.04258279155403376","0.00006536669667228125","0.00006536669667228125","0.00006536669667228125","0.011374040514025838","0.011374040514025838","0.011374040514025838"
"67","0.0018481066277716309","0.0018481066277716309","0.0018481066277716309","0.0001474849540181458","0.0001474849540181458","0.0001474849540181458","0.013616189157292246","0.013616189157292246","0.013616189157292246","0.047319595799446106","0.047319595799446106","0.047319595799446106","0.00006026652191067114","0.00006026652191067114","0.00006026652191067114","0.012342293709963561","0.012342293709963561","0.012342293709963561"
"68","0.0017217182836076245","0.0017217182836076245","0.0017217182836076245","0.0001460298015153967","0.0001460298015153967","0.0001460298015153967","0.011909035960808396","0.011909035960808396","0.011909035960808396","0.041482560827732086","0.041482560827732086","0.041482560827732086","0.00007498016829369589","0.00007498016829369589","0.00007498016829369589","0.011846155360005797","0.011846155360005797","0.011846155360005797"
"69","0.0028106128886924127","0.0028106128886924127","0.0028106128886924127","0.00014953375958371906","0.00014953375958371906","0.00014953375958371906","0.012826206709705293","0.012826206709705293","0.012826206709705293","0.042138218060433864","0.042138218060433864","0.042138218060433864","0.00006706363796838559","0.00006706363796838559","0.00006706363796838559","0.00925588541150093","0.00925588541150093","0.00925588541150093"
"70","0.002073202162606176","0.002073202162606176","0.002073202162606176","0.00014528573879040777","0.00014528573879040777","0.00014528573879040777","0.010760739947631956","0.010760739947631956","0.010760739947631956","0.04249085046887398","0.04249085046887398","0.04249085046887398","0.00006969687454635278","0.00006969687454635278","0.00006969687454635278","0.008180817040652037","0.008180817040652037","0.008180817040652037"
"71","0.0016511874367389828","0.0016511874367389828","0.0016511874367389828","0.00014369995802640916","0.00014369995802640916","0.00014369995802640916","0.013600412741750478","0.013600412741750478","0.013600412741750478","0.04046479071304202","0.04046479071304202","0.04046479071304202","0.0000761047941551078","0.0000761047941551078","0.0000761047941551078","0.008228006484657525","0.008228006484657525","0.008228006484657525"
"72","0.0017137260292028078","0.0017137260292028078","0.0017137260292028078","0.0001462225225986913","0.0001462225225986913","0.0001462225225986913","0.009787124963998795","0.009787124963998795","0.009787124963998795","0.04310190591096878","0.04310190591096878","0.04310190591096878","0.00005779582444694824","0.00005779582444694824","0.00005779582444694824","0.00908169467188418","0.00908169467188418","0.00908169467188418"
"73","0.0014648906447528862","0.0014648906447528862","0.0014648906447528862","0.0001383919962029904","0.0001383919962029904","0.0001383919962029904","0.012249364589825272","0.012249364589825272","0.012249364589825272","0.03690246079146862","0.03690246079146862","0.03690246079146862","0.00006841092558344826","0.00006841092558344826","0.00006841092558344826","0.010023910744301975","0.010023910744301975","0.010023910744301975"
"74","0.0021768892616056837","0.0021768892616056837","0.0021768892616056837","0.00015181656710337848","0.00015181656710337848","0.00015181656710337848","0.012389712575227023","0.012389712575227023","0.012389712575227023","0.04191378913760185","0.04191378913760185","0.04191378913760185","0.00006786789843463339","0.00006786789843463339","0.00006786789843463339","0.009479203369319438","0.009479203369319438","0.009479203369319438"
"75","0.002308872591680847","0.002308872591680847","0.002308872591680847","0.00014485909425653517","0.00014485909425653517","0.00014485909425653517","0.013136855180971324","0.013136855180971324","0.013136855180971324","0.03680434561133385","0.03680434561133385","0.03680434561133385","0.000056451299865730105","0.000056451299865730105","0.000056451299865730105","0.009624945628717541","0.009624945628717541","0.009624945628717541"
"76","0.001745981701441342","0.001745981701441342","0.001745981701441342","0.00014271621147170664","0.00014271621147170664","0.00014271621147170664","0.011972315741106868","0.011972315741106868","0.011972315741106868","0.03838661958605051","0.03838661958605051","0.03838661958605051","0.00007410518757998943","0.00007410518757998943","0.00007410518757998943","0.010400473812818526","0.010400473812818526","0.010400473812818526"
"77","0.0012711312780505977","0.0012711312780505977","0.0012711312780505977","0.00013984651227481664","0.00013984651227481664","0.00013984651227481664","0.012631504428014159","0.012631504428014159","0.012631504428014159","0.03867593651711941","0.03867593651711941","0.03867593651711941","0.000058208051326218994","0.000058208051326218994","0.000058208051326218994","0.008510322368592024","0.008510322368592024","0.008510322368592024"
"78","0.0013704589836951344","0.0013704589836951344","0.0013704589836951344","0.00015161784020252525","0.00015161784020252525","0.00015161784020252525","0.012867024759985506","0.012867024759985506","0.012867024759985506","0.03716338172391057","0.03716338172391057","0.03716338172391057","0.00005939250229392201","0.00005939250229392201","0.00005939250229392201","0.008350665822476148","0.008350665822476148","0.008350665822476148"
"79","0.0012148193577257917","0.0012148193577257917","0.0012148193577257917","0.00015247508849948645","0.00015247508849948645","0.00015247508849948645","0.01321772857848555","0.01321772857848555","0.01321772857848555","0.03325285394143313","0.03325285394143313","0.03325285394143313","0.00007661763181444258","0.00007661763181444258","0.00007661763181444258","0.009020905269794165","0.009020905269794165","0.009020905269794165"
"80","0.002704930563820526","0.002704930563820526","0.002704930563820526","0.0001499309517815709","0.0001499309517815709","0.0001499309517815709","0.01258184303060174","0.01258184303060174","0.01258184303060174","0.03989528972513974","0.03989528972513974","0.03989528972513974","0.00008223960205097683","0.00008223960205097683","0.00008223960205097683","0.009396440340168774","0.009396440340168774","0.009396440340168774"
"81","0.003042163753779605","0.003042163753779605","0.003042163753779605","0.0001472756452858448","0.0001472756452858448","0.0001472756452858448","0.010893026505075395","0.010893026505075395","0.010893026505075395","0.03459157593429089","0.03459157593429089","0.03459157593429089","0.00006971214450430125","0.00006971214450430125","0.00006971214450430125","0.00912377379540354","0.00912377379540354","0.00912377379540354"
"82","0.002787437289436348","0.002787437289436348","0.002787437289436348","0.00014697673499118537","0.00014697673499118537","0.00014697673499118537","0.013543354704193772","0.013543354704193772","0.013543354704193772","0.0339951257956028","0.0339951257956028","0.0339951257956028","0.00005614119846606627","0.00005614119846606627","0.00005614119846606627","0.008145356765352189","0.008145356765352189","0.008145356765352189"
"83","0.0015522288668365217","0.0015522288668365217","0.0015522288668365217","0.00014866205130703748","0.00014866205130703748","0.00014866205130703748","0.01093288524152711","0.01093288524152711","0.01093288524152711","0.03375017167314887","0.03375017167314887","0.03375017167314887","0.00009755749804433436","0.00009755749804433436","0.00009755749804433436","0.00784333023890853","0.00784333023890853","0.00784333023890853"
"84","0.0014486107066180556","0.0014486107066180556","0.0014486107066180556","0.00014683705769944936","0.00014683705769944936","0.00014683705769944936","0.010088928964203223","0.010088928964203223","0.010088928964203223","0.03204987324118614","0.03204987324118614","0.03204987324118614","0.00010729285428067669","0.00010729285428067669","0.00010729285428067669","0.008201828773058951","0.008201828773058951","0.008201828773058951"
"85","0.0015897942739166318","0.0015897942739166318","0.0015897942739166318","0.00013734024244826286","0.00013734024244826286","0.00013734024244826286","0.011764217842444778","0.011764217842444778","0.011764217842444778","0.034770104277133944","0.034770104277133944","0.034770104277133944","0.0003381329308752902","0.0003381329308752902","0.0003381329308752902","0.008294686819538474","0.008294686819538474","0.008294686819538474"
"86","0.002202811534800567","0.002202811534800567","0.002202811534800567","0.00015699211237952114","0.00015699211237952114","0.00015699211237952114","0.01110830632224679","0.01110830632224679","0.01110830632224679","0.031077894275188447","0.031077894275188447","0.031077894275188447","0.0012337326843617484","0.0012337326843617484","0.0012337326843617484","0.008464662278108298","0.008464662278108298","0.008464662278108298"
"87","0.0020016637971531598","0.0020016637971531598","0.0020016637971531598","0.00014102238717488946","0.00014102238717488946","0.00014102238717488946","0.009295851289257407","0.009295851289257407","0.009295851289257407","0.03339344808846712","0.03339344808846712","0.03339344808846712","0.012338919400945305","0.012338919400945305","0.012338919400945305","0.009064393439218402","0.009064393439218402","0.009064393439218402"
"88","0.003088353824801161","0.003088353824801161","0.003088353824801161","0.00015070739347487687","0.00015070739347487687","0.00015070739347487687","0.008766708246991039","0.008766708246991039","0.008766708246991039","0.030362182966321708","0.030362182966321708","0.030362182966321708","0.016608943213708698","0.016608943213708698","0.016608943213708698","0.008985133939348161","0.008985133939348161","0.008985133939348161"
"89","0.004299639309188351","0.004299639309188351","0.004299639309188351","0.0001427703934861347","0.0001427703934861347","0.0001427703934861347","0.009964609232917428","0.009964609232917428","0.009964609232917428","0.030931414591670037","0.030931414591670037","0.030931414591670037","0.007981590183004737","0.007981590183004737","0.007981590183004737","0.010212793078385294","0.010212793078385294","0.010212793078385294"
"90","0.003182583541683853","0.003182583541683853","0.003182583541683853","0.00013617677059955894","0.00013617677059955894","0.00013617677059955894","0.009218483850732446","0.009218483850732446","0.009218483850732446","0.030691443319916724","0.030691443319916724","0.030691443319916724","0.00646196962531656","0.00646196962531656","0.00646196962531656","0.00874006606437266","0.00874006606437266","0.00874006606437266"
"91","0.0027644676889805125","0.0027644676889805125","0.0027644676889805125","0.00015075463274493814","0.00015075463274493814","0.00015075463274493814","0.011033522386662662","0.011033522386662662","0.011033522386662662","0.031038881910443305","0.031038881910443305","0.031038881910443305","0.007122082307711244","0.007122082307711244","0.007122082307711244","0.009238137537315488","0.009238137537315488","0.009238137537315488"
"92","0.0016293604780267925","0.0016293604780267925","0.0016293604780267925","0.00014425460810773075","0.00014425460810773075","0.00014425460810773075","0.012106178864911199","0.012106178864911199","0.012106178864911199","0.03009211822450161","0.03009211822450161","0.03009211822450161","0.006032198245078326","0.006032198245078326","0.006032198245078326","0.00839052534852177","0.00839052534852177","0.00839052534852177"
"93","0.000989580817022361","0.000989580817022361","0.000989580817022361","0.00014296714304946363","0.00014296714304946363","0.00014296714304946363","0.010021311372444034","0.010021311372444034","0.010021311372444034","0.030287483487725256","0.030287483487725256","0.030287483487725256","0.0035884553012810647","0.0035884553012810647","0.0035884553012810647","0.0062473549948260185","0.0062473549948260185","0.0062473549948260185"
"94","0.0012028484875848517","0.0012028484875848517","0.0012028484875848517","0.00015089013122953474","0.00015089013122953474","0.00015089013122953474","0.008609749356433749","0.008609749356433749","0.008609749356433749","0.028722924363017082","0.028722924363017082","0.028722924363017082","0.002201054355604574","0.002201054355604574","0.002201054355604574","0.0076406066428869965","0.0076406066428869965","0.0076406066428869965"
"95","0.0012987837315024807","0.0012987837315024807","0.0012987837315024807","0.0001422747922735289","0.0001422747922735289","0.0001422747922735289","0.009554235040792265","0.009554235040792265","0.009554235040792265","0.028237707642167806","0.028237707642167806","0.028237707642167806","0.001705344155151397","0.001705344155151397","0.001705344155151397","0.008561962985023857","0.008561962985023857","0.008561962985023857"
"96","0.002231137756360695","0.002231137756360695","0.002231137756360695","0.00015050797631032764","0.00015050797631032764","0.00015050797631032764","0.00903286767013371","0.00903286767013371","0.00903286767013371","0.03148644790560007","0.03148644790560007","0.03148644790560007","0.0012678675127401947","0.0012678675127401947","0.0012678675127401947","0.00824572719855234","0.00824572719855234","0.00824572719855234"
"97","0.0024991159224370496","0.0024991159224370496","0.0024991159224370496","0.00014614941642154009","0.00014614941642154009","0.00014614941642154009","0.007589565459694713","0.007589565459694713","0.007589565459694713","0.027658470219373704","0.027658470219373704","0.027658470219373704","0.0025492613076325507","0.0025492613076325507","0.0025492613076325507","0.009025001264698804","0.009025001264698804","0.009025001264698804"
"98","0.002171856607077643","0.002171856607077643","0.002171856607077643","0.00014097232555039226","0.00014097232555039226","0.00014097232555039226","0.007984105992466212","0.007984105992466212","0.007984105992466212","0.025806371256113052","0.025806371256113052","0.025806371256113052","0.0025870452539157123","0.0025870452539157123","0.0025870452539157123","0.0079327488578856","0.0079327488578856","0.0079327488578856"
"99","0.001585630459813401","0.001585630459813401","0.001585630459813401","0.0001394028355181217","0.0001394028355181217","0.0001394028355181217","0.01011868217261508","0.01011868217261508","0.01011868217261508","0.02484527691334486","0.02484527691334486","0.02484527691334486","0.003781390370251611","0.003781390370251611","0.003781390370251611","0.008987575069367886","0.008987575069367886","0.008987575069367886"